Card Number,Expiration Date,Card Type,Cardholder Name,Billing Zip
4532015112830366,05/2025,Visa,John Doe,12345
5424180123456789,09/2024,Mastercard,Jane Smith,67890
340000000000009,03/2026,American Express,Alice Johnson,54321
6011000990139424,11/2023,Discover,Bob Williams,98765
3566002020360505,07/2024,JCB,Charlie Brown,13579
4916338506082832,01/2025,Visa,Diana Ross,24680
5163613613613613,12/2024,Mastercard,Ethan Hunt,11111
371449635398431,06/2026,American Express,Fiona Apple,22222
6011111111111117,08/2023,Discover,George Clooney,33333
3530111333300000,02/2025,JCB,Helen Mirren,44444
4024007198765432,10/2024,Visa,Ian McKellen,55555
5555555555554444,04/2026,Mastercard,Julia Roberts,66666
378282246310005,09/2023,American Express,Kevin Bacon,77777
6011000400000000,03/2025,Discover,Liam Neeson,88888
3566111111111113,05/2024,JCB,Meryl Streep,99999
4111111111111111,07/2026,Visa,Natalie Portman,12121
5105105105105100,11/2023,Mastercard,Orlando Bloom,23232
341111111111111,01/2025,American Express,Penelope Cruz,34343
6011601160116611,06/2024,Discover,Quentin Tarantino,45454
3530111333300000,08/2026,JCB,Ryan Reynolds,56565
4007702835532454,12/2023,Visa,Sandra Bullock,67676
5200828282828210,02/2025,Mastercard,Tom Hanks,78787
374245455400126,04/2024,American Express,Uma Thurman,89898
6011111111111117,10/2026,Discover,Vin Diesel,90909
3566002020360505,03/2023,JCB,Will Smith,10101
4485275742308327,05/2025,Visa,Xena Warrior,20202
5310901234567889,09/2024,Mastercard,Yoda Master,30303
371449635398431,01/2026,American Express,Zoe Saldana,40404
6011000991300009,07/2023,Discover,Adam Sandler,50505
3530111333300000,11/2024,JCB,Blake Lively,60606
4539221234567890,03/2026,Visa,Cameron Diaz,70707
5105105105105100,06/2023,Mastercard,Daniel Craig,80808
344040340000009,08/2025,American Express,Emma Stone,90909
6011601160116611,12/2024,Discover,Freddie Mercury,11223
3566002020360505,02/2026,JCB,Gal Gadot,33445
4916338506082832,04/2023,Visa,Hugh Jackman,55667
5163613613613613,10/2025,Mastercard,Idris Elba,77889
371449635398431,01/2024,American Express,Jennifer Lawrence,99001
6011111111111117,03/2026,Discover,Keanu Reeves,12312
3530111333300000,05/2023,JCB,Leonardo DiCaprio,23423
4024007198765432,09/2025,Visa,Margot Robbie,34534
5555555555554444,11/2024,Mastercard,Nicole Kidman,45645
378282246310005,01/2026,American Express,Olivia Wilde,56756
6011000400000000,07/2023,Discover,Pierce Brosnan,67867
3566111111111113,12/2025,JCB,Queen Latifah,78978
4111111111111111,02/2024,Visa,Robert Downey Jr.,89089
5105105105105100,04/2026,Mastercard,Scarlett Johansson,90190
341111111111111,06/2023,American Express,Tyler Perry,10291
6011601160116611,08/2025,Discover,Usher Raymond,20392
3530111333300000,10/2024,JCB,Viola Davis,30493
4007702835532454,01/2026,Visa,Winona Ryder,40594
5200828282828210,03/2023,Mastercard,Xavier Dolan,50695
374245455400126,05/2025,American Express,Yvonne Strahovski,60796
6011111111111117,09/2024,Discover,Zach Galifianakis,70897
3566002020360505,11/2026,JCB,Amanda Seyfried,80998
4485275742308327,01/2023,Visa,Bradley Cooper,91099
5310901234567889,03/2025,Mastercard,Cate Blanchett,11100
371449635398431,07/2024,American Express,Denzel Washington,22200
6011000991300009,12/2026,Discover,Ellen DeGeneres,33300
3530111333300000,02/2023,JCB,Forest Whitaker,44400
4539221234567890,04/2025,Visa,Gwyneth Paltrow,55500
5105105105105100,06/2024,Mastercard,Harrison Ford,66600
344040340000009,08/2026,American Express,Isla Fisher,77700
6011601160116611,10/2023,Discover,Jack Nicholson,88800
3566002020360505,01/2025,JCB,Kate Winslet,99900
4916338506082832,03/2024,Visa,Liam Hemsworth,11000
5163613613613613,05/2026,Mastercard,Mila Kunis,22000
371449635398431,09/2023,American Express,Neil Patrick Harris,33000
6011111111111117,11/2025,Discover,Oprah Winfrey,44000
3530111333300000,01/2024,JCB,Paul Rudd,55000
4024007198765432,03/2026,Visa,Rachel McAdams,66000
5555555555554444,07/2023,Mastercard,Samuel L. Jackson,77000
378282246310005,12/2025,American Express,Tina Fey,88000
6011000400000000,02/2024,Discover,Uma Thurman,99000
3566111111111113,04/2026,JCB,Vin Diesel,10001
4111111111111111,06/2023,Visa,Whoopi Goldberg,20002
5105105105105100,08/2025,Mastercard,Xavier Dolan,30003
341111111111111,10/2024,American Express,Yara Shahidi,40004
6011601160116611,01/2026,Discover,Zoe Kravitz,50005
3530111333300000,03/2023,JCB,Al Pacino,60006
4007702835532454,05/2025,Visa,Brie Larson,70007
5200828282828210,09/2024,Mastercard,Chris Pratt,80008
374245455400126,11/2026,American Express,Drew Barrymore,90009
6011111111111117,01/2023,Discover,Eva Longoria,10011
3566002020360505,03/2025,JCB,Finn Wolfhard,20022
4485275742308327,07/2024,Visa,Gina Rodriguez,30033
5310901234567889,12/2026,Mastercard,Henry Cavill,40044
371449635398431,02/2023,American Express,Ivanka Trump,50055
6011000991300009,04/2025,Discover,Jamie Foxx,60066
